AI,,,,,,,,,,,,,,,,,2,,,,102,99,99,0,0,,,,,,,,,,,,,,,,,,,,,,,,,
,,,,,,,,,,,,,,,,,,,,,,,,,,,,,,,,,,,,,,,,,,,,,,,,,,
,Answered: 99/102,,,,,Answered: 0/0,,,,,,,,,,,,,,,,,,,,,,,,,,,,,,,,,,,,,,,,,,,,
Question,Response,Comment,Analyst comment,Pass/Fail,Follow-up Question,Follow-up Response,,,,,,,,,,,,,,,,,,,,,,,,,,,,,,,,,,,,,,,,,,,,
I.                    PRELIMINARIES,,,,,,,,,,,,,,,,,,,,293709,,,,,,,,,,,,,,,,,,,,,,,,,,,,,,170835
"1.1. Could you please clarify the intended purpose, expected outcomes and specific outputs of the system or service of which AI techniques are an integral part of?","Yes — ML used for receipt extraction, classification, anomaly detection, invoice capture, audit checks, and certain generative?AI features via SAP BTP.","Joule (SAP Concur) uses machine learning to perform receipt/invoice/document extraction (OCR/NLP), field classification, anomaly detection, expense/invoice capture, audit checks and selected productivity features (assistive generative capabilities). Expected outputs are structured expense/invoice data (extracted fields such as date, merchant, amounts), classification labels, anomaly flags, and metadata to support AXA workflows and downstream processing.",,Pass,,,,,,,,,,,False,,0,True,False,293711,278856,"Yes — ML used for receipt extraction, classification, anomaly detection, invoice capture, audit checks, and certain generative?AI features via SAP BTP.",1,,,,,,,,,,,,,,,,,,,,,,,,,,,190606
"1.2. What role(s) does your organisation play in the AI supply chain for the service/product being provided?
(Select all that apply)
AI Provider:  A natural or legal person, public authority, agency, or other body that develops an AI system or a general-purpose AI model, or has one developed, and places it on the market or puts it into service under its own name or trademark, whether for payment or free of charge.
AI Deployer:  A natural or legal person, public authority, agency, or other body using an AI system under its authority, except where the AI system is used in the course of a personal non-professional activity.
AI Importer:  A natural or legal person located or established in the Union that places on the market an AI system that bears the name or trademark of a natural or legal person established in a third country.
AI Distributor:  A natural or legal person in the supply chain, other than the provider or the importer, that makes an AI system available on the Union market.
Downstream Provider:  A provider of an AI system, including a general-purpose AI system, which integrates an AI model, regardless of whether the AI model is provided by themselves and vertically integrated or provided by another entity based on contractual relation.",No - AI Provider,"AI Provider — SAP Concur develops and operates Joule (the AI system) and places it into service under SAP Concur branding.
AI Deployer — SAP Concur deploys and operates the system for customers (including hosting, maintenance and operational support).
Not an AI Importer or Distributor by default for AXA engagements. If required by contract, reseller/distributor arrangements would be documented.",,Pass,,,,,,,,,,,False,,0,True,False,293712,278857,,,Yes - AI Provider,No - AI Provider,,,,,,,,,,,,,,,,,,,,,,,,,170836
,No - AI Deployer,,,,,,,,,,,,,,,,,,,,,,,Yes - AI Deployer,No - AI Deployer,,,,,,,,,,,,,,,,,,,,,,,,,
,No - AI Importer,,,,,,,,,,,,,,,,,,,,,,,Yes - AI Importer,No - AI Importer,,,,,,,,,,,,,,,,,,,,,,,,,
,No - AI Distributor,,,,,,,,,,,,,,,,,,,,,,,Yes - AI Distributor,No - AI Distributor,,,,,,,,,,,,,,,,,,,,,,,,,
,No - Downstream Provider,,,,,,,,,,,,,,,,,,,,,,0,Yes - Downstream Provider,No - Downstream Provider,,,,,,,,,,,,,,,,,,,,,,,,,
1.3. Does your existing AI Supply chain involve any third party ?,Yes,,,Pass,,,,,,,,,,,False,,0,True,False,293713,278858,Yes,1,Yes,No,,,,,,,,,,,,,,,,,,,,,,,,,170839
"If yes, please describe which of the following third parties are involved and their locations (select all that apply):
> AI provider(s) and their location(s)? 
> AI deployer(s) and their location(s)? 
> AI importer(s) and their location(s)? 
> AI distributor(s) and their location(s)? 
> AI downstream provider(s) and their location(s)?","Third parties include cloud infrastructure providers, managed service partners, and selected third?party component vendors (OCR/NLP libraries, monitoring tools). Locations and roles (subprocessor, vendor, etc.) are documented in the subprocessor/vendor list and vary by deployment (EU regions preferred for AXA by default).",https://support.sap.com/en/my-support/trust-center/subprocessors.html,,Pass,,,,,,,,,,,False,,0,True,False,293714,278859,"Third parties include cloud infrastructure providers, managed service partners, and selected third?party component vendors (OCR/NLP libraries, monitoring tools). Locations and roles (subprocessor, vendor, etc.) are documented in the subprocessor/vendor list and vary by deployment (EU regions preferred for AXA by default).",1,,,,,,,,,,,,,,,,,,,,,,,,,,,170840
"1.4. Is your company in charge of maintaining the AI system, correcting problems and intervening in its operations?",Yes,,,Pass,,,,,,,,,,,False,,0,True,False,293715,278860,Yes,1,Yes,No,,,,,,,,,,,,,,,,,,,,,,,,,190607
"If no, please specify who is in charge.",NA,,,Pass,,,,,,,,,,,False,,0,False,False,293716,278861,NA,1,,,,,,,,,,,,,,,,,,,,,,,,,,,190608
"If yes, please explain how?","SAP Concur is responsible for maintenance, patching, monitoring, incident remediation and operational intervention for Joule under the support and SLA terms in the contract.",,,Pass,,,,,,,,,,,False,,0,False,False,293717,278862,"SAP Concur is responsible for maintenance, patching, monitoring, incident remediation and operational intervention for Joule under the support and SLA terms in the contract.",1,,,,,,,,,,,,,,,,,,,,,,,,,,,
"1.5. Which, if any, ISO/IEC standard has been applied to AI System?","Controls are aligned with industry frameworks (security and privacy controls mapped to ISO/IEC 27001 and privacy controls aligned with ISO/IEC 27701 where applicable). Certification evidence (e.g., ISO/IEC 27001 certificate or similar attestations) can be provided on request if required for the engagement.",https://www.sap.com/about/trust-center/certification-compliance/compliance-finder.html?sort=latest_desc&tag=compliance-document:compliance-offering/soc-2&tag=compliance-document:compliance-entity/sap-concur,,Pass,,,,,,,,,,,False,,0,True,False,293718,278863,"Controls are aligned with industry frameworks (security and privacy controls mapped to ISO/IEC 27001 and privacy controls aligned with ISO/IEC 27701 where applicable). Certification evidence (e.g., ISO/IEC 27001 certificate or similar attestations) can be provided on request if required for the engagement.",1,,,,,,,,,,,,,,,,,,,,,,,,,,,190609
1.6. Has the system which utilises AI Techiques been built in accordance with appropriate industry codes of conduct or best practice?,Yes,,,Pass,,,,,,,,,,,False,,0,True,False,293719,278864,Yes,1,Yes,No,,,,,,,,,,,,,,,,,,,,,,,,,190610
"If so, which ones?","Development follows SAP’s secure SDLC and responsible?AI best practices (privacy?by?design, secure development, model validation, bias mitigation). Applicable industry best practices and internal governance policies are applied throughout the lifecycle.
",,,Pass,,,,,,,,,,,False,,0,False,False,293720,278865,"Development follows SAP’s secure SDLC and responsible?AI best practices (privacy?by?design, secure development, model validation, bias mitigation). Applicable industry best practices and internal governance policies are applied throughout the lifecycle.
",1,,,,,,,,,,,,,,,,,,,,,,,,,,,190611
"1.7. Has your AI solution been developed with the use of, or include, third-party AI components, code libraries or similar?",Yes,"Joule uses third?party components (third?party OCR/NLP libraries, telemetry/monitoring libraries and cloud provider managed services). A detailed list of components and vendors is maintained and can be provided.",,Pass,,,,,,,,,,,False,,0,True,False,293721,278866,Yes,1,Yes,No,,,,,,,,,,,,,,,,,,,,,,,,,190612
"1.7.1. Could you please provide details about these components, including the vendors and their compliance certifications (if applicable)?","We maintain a vendor/component inventory (component name, vendor, purpose, hosting location, applicable certifications). For confidentiality and accuracy this inventory is provided under contract/ NDA or via the subprocessor disclosure. Examples of component categories: OCR/NLP engines, ML inference infra, logging/monitoring services, storage and key management.",,,Pass,,,,,,,,,,,False,,0,False,False,293722,278867,"We maintain a vendor/component inventory (component name, vendor, purpose, hosting location, applicable certifications). For confidentiality and accuracy this inventory is provided under contract/ NDA or via the subprocessor disclosure. Examples of component categories: OCR/NLP engines, ML inference infra, logging/monitoring services, storage and key management.",1,,,,,,,,,,,,,,,,,,,,,,,,,,,
"1.7.2. Please confirm if the following requirements are covered: data ownership, access control, and liability in case of malfunctions or bias.","Third?party relationships are governed by contracts/DPAs that address data ownership/processing instructions, access control and security requirements, as well as liability and responsibilities for operational failures or security/privacy incidents to the extent contractually agreed.",,,Pass,,,,,,,,,,,False,,0,False,False,293723,278868,"Third?party relationships are governed by contracts/DPAs that address data ownership/processing instructions, access control and security requirements, as well as liability and responsibilities for operational failures or security/privacy incidents to the extent contractually agreed.",1,,,,,,,,,,,,,,,,,,,,,,,,,,,
"1.7.3. Do you have contractual agreements with your third-party AI providers that ensure their adherence to responsible development practices and data security standards? Please confirm if the following requirements are covered: data ownership, access control, and liability in case of malfunctions or bias.","Yes. Subprocessor/vendor contracts and DPAs include security, privacy, and data?use obligations; they require adherence to agreed TOMs and restrict use of customer data consistent with the DPA.","https://www.sap.com/about/trust-center/agreements/cloud/cloud-services.html?sort=latest_desc&search=Data%20Processing&pdf-asset=769d4c45-227e-0010-bca6-c68f7e60039b&page=1

https://www.sap.com/about/trust-center/data-privacy.html",,Pass,,,,,,,,,,,False,,0,False,False,293724,278869,"Yes. Subprocessor/vendor contracts and DPAs include security, privacy, and data?use obligations; they require adherence to agreed TOMs and restrict use of customer data consistent with the DPA.",1,,,,,,,,,,,,,,,,,,,,,,,,,,,
"1.8 Please describe the type(s) of AI algorithmic techniques being used, referring to the examples below as guidance, and provide a detailed explanation:
'- Linear and statistical models (e.g., regression models, perceptrons, SVMs, MLE, and MAP estimation)
- Simple Statistical Methods
- Transparent ML & Complex Statistical Models
- Other ML Methods
- Non-ML & non-data-driven methods
- Deep Learning Methods
- Foundation Models
- AI Services
- Pure Automation (put a note)",OCR and NER for extraction; supervised ML classifiers for field classification; rule?based post?processing and heuristics for business logic; deep?learning models (task?specific) for complex extraction; lightweight transformer models for NLP tasks in certain assistive features. System also uses deterministic rules and human review workflows where required.,,,Pass,,,,,,,,,,,False,,0,True,False,293725,278870,OCR and NER for extraction; supervised ML classifiers for field classification; rule?based post?processing and heuristics for business logic; deep?learning models (task?specific) for complex extraction; lightweight transformer models for NLP tasks in certain assistive features. System also uses deterministic rules and human review workflows where required.,1,,,,,,,,,,,,,,,,,,,,,,,,,,,190616
"1.9 Does your AI system currently have a complete data flow mapping exercise ? This should document all the data processed by the system, including data that flows in, through, and out. Please also include any expected inputs or outputs.","Yes. A complete data flow map exists documenting inbound data (images, metadata), processing stages (OCR, feature extraction, inference), storage, logs, and outbound integrations. A version of the data flow diagram can be provided to AXA under contract/privacy terms.",,Please attach a copy of the data flow map to the Process Unity record,Pass,,,,,,,,,,,False,,0,True,False,293726,278871,"Yes. A complete data flow map exists documenting inbound data (images, metadata), processing stages (OCR, feature extraction, inference), storage, logs, and outbound integrations. A version of the data flow diagram can be provided to AXA under contract/privacy terms.",1,,,,,,,,,,,,,,,,,,,,,,,,,,,190617
"1.9.1. If not currently available, please give the approximate deadline to deliver it to AXA.",N/A (data flow mapping is available; please confirm preferred delivery format and NDA).,,See above,Pass,,,,,,,,,,,False,,0,True,False,293727,278872,N/A (data flow mapping is available; please confirm preferred delivery format and NDA).,1,,,,,,,,,,,,,,,,,,,,,,,,,,,190618
"1.10. Is personal data processed at any stage of the AI system's lifecycle, such as during system training, proof of concept or deployment?",Yes,"When AXA uses Joule for production inference, personal data contained in receipts/invoices may be processed. Processing is performed under AXA’s instructions and governed by the DPA.",,Pass,,,,,,,,,,,False,,0,True,False,293728,278873,Yes,1,Yes,No,,,,,,,,,,,,,,,,,,,,,,,,,190619
"1.10.1. If yes, please specify each category of personal data used and how it is handled in each phase, paying particular attention to special category data as it is defined in Art. 9 of GDPR.
Personal Data means “any information relating to an identified or identifiable natural person (‘data subject’); an identifiable natural person is one who can be identified, directly or indirectly, in particular by reference to an identifier such as a name, an identification number, location data, an online identifier or to one or more factors specific to the physical, physiological, genetic, mental, economic, cultural or social identity of that natural person”","Categories include payer/payee names, contact details, invoice/receipt line items, transaction dates, merchant names, transaction amounts and any metadata submitted by AXA. Handling:
Ingestion: secured pipeline with transport encryption.
Processing: inference (OCR/NLP) in segregated environments; PII detection and configurable redaction/pseudonymization applied before analytics or reuse.
Storage: encrypted at rest in access?controlled stores.
Logging: inputs are hashed or redacted in logs where feasible; decision metadata (model version, confidence) retained for audit.
Retention/deletion: per AXA’s contractual retention schedule and DPA.
Special category data: not processed unless explicitly agreed and legally permitted; would require specific contractual and legal controls.",,,Pass,,,,,,,,,,,False,,0,False,False,293729,278874,"Categories include payer/payee names, contact details, invoice/receipt line items, transaction dates, merchant names, transaction amounts and any metadata submitted by AXA. Handling:
Ingestion: secured pipeline with transport encryption.
Processing: inference (OCR/NLP) in segregated environments; PII detection and configurable redaction/pseudonymization applied before analytics or reuse.
Storage: encrypted at rest in access?controlled stores.
Logging: inputs are hashed or redacted in logs where feasible; decision metadata (model version, confidence) retained for audit.
Retention/deletion: per AXA’s contractual retention schedule and DPA.
Special category data: not processed unless explicitly agreed and legally permitted; would require specific contractual and legal controls.",1,,,,,,,,,,,,,,,,,,,,,,,,,,,190620
"1.10.2. If yes, is personal data in AXA's control involved?",For AXA deployments AXA is the data controller and SAP Concur acts as the data processor per the DPA; processing is performed only on AXA’s instructions.,,,Pass,,,,,,,,,,,False,,0,False,False,293730,278875,For AXA deployments AXA is the data controller and SAP Concur acts as the data processor per the DPA; processing is performed only on AXA’s instructions.,1,,,,,,,,,,,,,,,,,,,,,,,,,,,190621
"1.10.3. If yes, please describe the purpose and the processing of the personal data in details","Purpose: to extract and structure receipt/invoice information, surface anomalies, and support AXA’s finance/audit workflows. Processing: receipt/image ingestion, OCR and NER to extract structured fields, classification and anomaly detection, optional aggregation/pseudonymization for internal analytics only if contractually permitted, and return of structured outputs to AXA systems. All processing is governed by the DPA and technical organizational measures.",,,Pass,,,,,,,,,,,False,,0,False,False,293731,278876,"Purpose: to extract and structure receipt/invoice information, surface anomalies, and support AXA’s finance/audit workflows. Processing: receipt/image ingestion, OCR and NER to extract structured fields, classification and anomaly detection, optional aggregation/pseudonymization for internal analytics only if contractually permitted, and return of structured outputs to AXA systems. All processing is governed by the DPA and technical organizational measures.",1,,,,,,,,,,,,,,,,,,,,,,,,,,,190622
II.                    PROHIBITED AI SYSTEM,,,,,,,,,,,,,,,,,,,,293732,,,,,,,,,,,,,,,,,,,,,,,,,,,,,,170852
"2.1. Would your AI system, or the purposes to which any AI technique used for the provision of a service to AXA, fall under the category of Prohibited Artificial Intelligence Practices as defined in Art. 5 of the EU AI Act and associated Recitals, regardless of whether such system or technique is located or deployed in the EU?","No. Joule’s functions (document extraction, classification, anomaly detection and assistive productivity) do not fall under Art.5 prohibited categories (e.g., subliminal manipulation, social scoring, remote biometric identification for law enforcement). Joule is not used for prohibited purposes.",,,Pass,,,,,,,,,,,False,,0,True,False,293733,278878,"No. Joule’s functions (document extraction, classification, anomaly detection and assistive productivity) do not fall under Art.5 prohibited categories (e.g., subliminal manipulation, social scoring, remote biometric identification for law enforcement). Joule is not used for prohibited purposes.",1,,,,,,,,,,,,,,,,,,,,,,,,,,,170853
III.                    HIGH RISK SYSTEMS AND RELATED CONFORMITY,,,,Pass,,,,,,,,,,,,,,,,293734,,,,,,,,,,,,,,,,,,,,,,,,,,,,,,170854
3.1 Does your AI system meet the criteria specified in Article 6 and Annex III of the EU AI Act for classification as a High-Risk AI system?,No,Joule is an application?specific tool for document processing and workflow assistance and does not meet Annex III criteria for high risk under current definitions.,,Pass,,,,,,,,,,,False,,0,True,False,293735,278880,No,1,Yes,No,,,,,,,,,,,,,,,,,,,,,,,,,170855
"If Yes, please give specific details of how your AI system meets this criteria.",NA,,,Pass,,,,,,,,,,,False,,0,False,False,293736,278881,NA,1,,,,,,,,,,,,,,,,,,,,,,,,,,,170856
"If No, please justify your answer.",See comment,"Joule’s outputs support operational processes and human decision?making; they are not used to make automated decisions that produce legal or similarly significant effects without human oversight. Functionality and intended use sit outside the high?risk categories in Annex III (e.g., critical infrastructure controls, biometric ID for law enforcement, automated HR decisions with legal effect).",,Pass,,,,,,,,,,,False,,0,False,False,293737,278882,See comment,1,,,,,,,,,,,,,,,,,,,,,,,,,,,170857
"3.2 If you answered 'yes' to Q3.1, has your company drawn up an EU declaration of compliance in accordance with article 47 ? And affixed the “CE” marking of compliance according to article 48 of the EU AI ACT ?",,"Not applicable (system not classified as high?risk). If classification changes, SAP will perform the required conformity assessment, draw up the EU declaration of conformity and affix CE marking as required.",,Pass,,,,,,,,,,,False,,1,True,False,293738,278883,,0,Yes,No,,,,,,,,,,,,,,,,,,,,,,,,,170858
IV.                    AI MATURITY AND LITERACY,,,,,,,,,,,,,,,,,,,,293739,,,,,,,,,,,,,,,,,,,,,,,,,,,,,,170859
4.1 Regarding the development and maintenance of the proposed AI system/AI techniques:,,,,,,,,,,,,,,,,,,,,293740,,,,,,,,,,,,,,,,,,,,,,,,,,,,,,170860
4.1.1 What type of training has your organization undertaken for the development and maintenance of the AI system?,"Role?based training covering secure SDLC/DevSecOps, privacy and GDPR awareness, privacy?by?design, responsible AI principles (bias/fairness, interpretability), ML validation and monitoring practices, incident response for AI, and operational security. Technical training for ML engineers covers model interpretability, adversarial robustness and data?quality controls.",,,Pass,,,,,,,,,,,False,,0,True,False,293741,278886,"Role?based training covering secure SDLC/DevSecOps, privacy and GDPR awareness, privacy?by?design, responsible AI principles (bias/fairness, interpretability), ML validation and monitoring practices, incident response for AI, and operational security. Technical training for ML engineers covers model interpretability, adversarial robustness and data?quality controls.",1,,,,,,,,,,,,,,,,,,,,,,,,,,,194618
4.1.2 Who are the individuals involved in this training ?,"Product managers, data scientists, ML engineers, QA/validation teams, DevOps/operations engineers, privacy and legal teams, security engineers, and customer?facing support/ops staff receive role?appropriate training.",,,Pass,,,,,,,,,,,False,,0,True,False,293742,278887,"Product managers, data scientists, ML engineers, QA/validation teams, DevOps/operations engineers, privacy and legal teams, security engineers, and customer?facing support/ops staff receive role?appropriate training.",1,,,,,,,,,,,,,,,,,,,,,,,,,,,194619
"4.1.3 Have these individuals been made aware of the legal, technical, ethical, and moral issues related to AI systems? if no, please explain why.","Yes. Training curricula explicitly cover legal/compliance obligations (GDPR, contractual DPAs), ethical/responsible AI topics (bias, transparency), technical limitations (robustness, adversarial risks) and human oversight practices. Attendance and completion are tracked and recorded.",,,Pass,,,,,,,,,,,False,,0,True,False,293743,278888,"Yes. Training curricula explicitly cover legal/compliance obligations (GDPR, contractual DPAs), ethical/responsible AI topics (bias, transparency), technical limitations (robustness, adversarial risks) and human oversight practices. Attendance and completion are tracked and recorded.",1,,,,,,,,,,,,,,,,,,,,,,,,,,,194620
V.                    AI MODEL TRAINING & TESTING,,,,,,,,,,,,,,,,,,,,293744,,,,,,,,,,,,,,,,,,,,,,,,,,,,,,170864
"5.1 Has the learning data been sourced and processed in a lawful manner, and in particular:",,,"Yes. Training datasets are drawn from licensed third?party sources, public-domain datasets, synthetic data, and internal proprietary datasets used under contract and legal review. All dataset sourcing is subject to legal and IP review, data?use licensing checks, and privacy assessments. Customer data supplied by AXA is processed only under AXA’s instruction per the DPA and applicable law.",Pass,,,,,,,,,,,,,,,,293745,,,,,,,,,,,,,,,,,,,,,,,,,,,,,,170865
5.1.1 Is training data reused from an internal or publicly available database or specifically collected for this purpose? Please describe.,"Combination of sources: (a) internally curated/annotated proprietary datasets, (b) licensed third?party datasets, publicly available datasets, and (d) synthetic or generated data for augmentation and privacy-preserving use cases. Customer (AXA) production data is not repurposed for model training without explicit contractual consent.",,,Pass,,,,,,,,,,,False,,0,True,False,293746,278891,"Combination of sources: (a) internally curated/annotated proprietary datasets, (b) licensed third?party datasets, publicly available datasets, and (d) synthetic or generated data for augmentation and privacy-preserving use cases. Customer (AXA) production data is not repurposed for model training without explicit contractual consent.",1,,,,,,,,,,,,,,,,,,,,,,,,,,,194621
"5.1.2 If publicly available data was used, has it been studied to determine the presence of bias?","Yes. Public datasets undergo bias and representativeness reviews prior to use. This includes checking demographic coverage and running fairness metrics and statistical analyses; identified issues result in mitigation (resampling, weighting, additional data collection, or exclusion).",,,Pass,,,,,,,,,,,False,,0,True,False,293747,278892,"Yes. Public datasets undergo bias and representativeness reviews prior to use. This includes checking demographic coverage and running fairness metrics and statistical analyses; identified issues result in mitigation (resampling, weighting, additional data collection, or exclusion).",1,,,,,,,,,,,,,,,,,,,,,,,,,,,194622
5.1.3 how do you comply with copyright laws regarding the use of training data ?,"Compliance steps include: sourcing only licensed or public?domain data (or data used under explicit license), legal review of dataset terms, recordkeeping of licenses and provenance, and excluding copyrighted material where rights are not available. Use of customer content is governed by the DPA and Product Development Schedule; any use for product improvement is anonymized/aggregated and permitted only per contractual terms.",,,Pass,,,,,,,,,,,False,,0,True,False,293748,278893,"Compliance steps include: sourcing only licensed or public?domain data (or data used under explicit license), legal review of dataset terms, recordkeeping of licenses and provenance, and excluding copyrighted material where rights are not available. Use of customer content is governed by the DPA and Product Development Schedule; any use for product improvement is anonymized/aggregated and permitted only per contractual terms.",1,,,,,,,,,,,,,,,,,,,,,,,,,,,194623
"5.2 Do you intend to use AXA personal data for your own interest, such as to train your model or enrich your data set ?",No,SAP (including Joule) processes AXA personal data only as a processor under AXA’s instructions per the DPA. Any product?improvement analyses derived from customer data are anonymized/aggregated and performed only in accordance with the Product Development Schedule and applicable contract terms.,,Pass,,,,,,,,,,,False,,0,True,False,293749,278894,No,1,Yes,No,,,,,,,,,,,,,,,,,,,,,,,,,170869
"5.2.2 If no, Please explain why.",NA,,,Pass,,,,,,,,,,,False,,0,False,False,293750,278895,NA,1,,,,,,,,,,,,,,,,,,,,,,,,,,,
"5.2.1 If yes, Please explain why.","Processing is limited by contractual obligations (DPA), privacy law, and internal policy: AXA is the controller and SAP acts as processor. Customer personal data is segregated and not used to retrain or improve models for SAP’s own purposes unless explicit contractual consent is provided and appropriate de?identification measures are applied.",,,Pass,,,,,,,,,,,False,,0,False,False,293751,278896,"Processing is limited by contractual obligations (DPA), privacy law, and internal policy: AXA is the controller and SAP acts as processor. Customer personal data is segregated and not used to retrain or improve models for SAP’s own purposes unless explicit contractual consent is provided and appropriate de?identification measures are applied.",1,,,,,,,,,,,,,,,,,,,,,,,,,,,
"5.3 What processes are in place to monitor the handling of training data, particularly regarding re-identification risk assessments and other related safeguards?","Data handling governance includes documented ingestion and data?classification pipelines, automated PII detection and redaction, role?based access controls (least privilege), encryption in transit and at rest, immutable logging and audit trails, and change management. Re?identification risk is assessed during data preparation via documented risk assessment processes (provenance checks, attempts to link identifiers, uniqueness checks). Remediations include stronger anonymization, aggregation, removal of quasi?identifiers, and limiting retention/access. Periodic reviews and audits validate continued compliance.",,,Pass,,,,,,,,,,,False,,0,True,False,293752,278897,"Data handling governance includes documented ingestion and data?classification pipelines, automated PII detection and redaction, role?based access controls (least privilege), encryption in transit and at rest, immutable logging and audit trails, and change management. Re?identification risk is assessed during data preparation via documented risk assessment processes (provenance checks, attempts to link identifiers, uniqueness checks). Remediations include stronger anonymization, aggregation, removal of quasi?identifiers, and limiting retention/access. Periodic reviews and audits validate continued compliance.",1,,,,,,,,,,,,,,,,,,,,,,,,,,,170871
"5.3.1 How Does the data sets used for training satisfy the minimization principle? (Only data that is necessary has been used). If it does not satisfy this principle, please explain why.","Data minimization is enforced by: (a) defining clear data?purpose statements per dataset, (b) selecting only fields required for the model task, removing or masking unnecessary identifiers, (d) retaining data only for defined retention windows, and (e) reviewing datasets during intake to reject unnecessary or high?risk fields.",,,Pass,,,,,,,,,,,False,,0,True,False,293753,278898,"Data minimization is enforced by: (a) defining clear data?purpose statements per dataset, (b) selecting only fields required for the model task, removing or masking unnecessary identifiers, (d) retaining data only for defined retention windows, and (e) reviewing datasets during intake to reject unnecessary or high?risk fields.",1,,,,,,,,,,,,,,,,,,,,,,,,,,,170872
5.3.2 Is the training data anonymized or pseudonymized ?,Yes,Depending on source and use case. Customer/production data intended for any analytics or improvement is pseudonymized or anonymized before reuse; proprietary/licensed/synthetic datasets are used per their privacy profile.,,Pass,,,,,,,,,,,False,,0,True,False,293754,278899,Yes,1,Yes,No,,,,,,,,,,,,,,,,,,,,,,,,,170873
"5.3.2.1. If yes, by what means? If no, please explain why.","Typical techniques: automated PII detection and redaction (regex, ML-based detectors), hashing or one?way tokenization for pseudonymization, removal of direct identifiers, generalization/aggregation of quasi?identifiers, masking, and where applicable producing fully anonymized aggregate datasets. Provenance and transformation steps are documented for each dataset.",,,Pass,,,,,,,,,,,False,,0,False,False,293755,278900,"Typical techniques: automated PII detection and redaction (regex, ML-based detectors), hashing or one?way tokenization for pseudonymization, removal of direct identifiers, generalization/aggregation of quasi?identifiers, masking, and where applicable producing fully anonymized aggregate datasets. Provenance and transformation steps are documented for each dataset.",1,,,,,,,,,,,,,,,,,,,,,,,,,,,170874
"5.3.3 Has the risk of reidentification been assessed? If no, please explain why.","Yes. Re?identification risk assessments are performed during dataset preparation and before any dataset is accepted for training/analysis. Assessments include uniqueness tests, linkage-scenario analysis, and review of external data availability that could enable re?identification. Identified residual risk is reduced via stronger anonymization, suppression, or exclusion.",,,Pass,,,,,,,,,,,False,,0,False,False,293756,278901,"Yes. Re?identification risk assessments are performed during dataset preparation and before any dataset is accepted for training/analysis. Assessments include uniqueness tests, linkage-scenario analysis, and review of external data availability that could enable re?identification. Identified residual risk is reduced via stronger anonymization, suppression, or exclusion.",1,,,,,,,,,,,,,,,,,,,,,,,,,,,170875
"5.4 Are the training data set and production data set distinctly processed ? If no, explain why.",,,,Pass,,,,,,,,,,,False,,1,True,False,293757,278902,,0,,,,,,,,,,,,,,,,,,,,,,,,,,,170877
5.5 What testing methodologies have been employed to evaluate the AI systems and AI techniques in use ?,"Evaluation approaches include: train/validation/test splits and cross?validation; standard performance metrics (accuracy, precision/recall, F1, AUC as applicable); calibration and confidence estimation; fairness and bias metrics across sensitive attributes; adversarial and robustness testing; scenario and edge?case testing; human review for generative outputs; controlled A/B experiments or canary rollouts in production; and ongoing production monitoring (drift detection, error rates, feedback loops).",,,Pass,,,,,,,,,,,False,,0,True,False,293758,278903,"Evaluation approaches include: train/validation/test splits and cross?validation; standard performance metrics (accuracy, precision/recall, F1, AUC as applicable); calibration and confidence estimation; fairness and bias metrics across sensitive attributes; adversarial and robustness testing; scenario and edge?case testing; human review for generative outputs; controlled A/B experiments or canary rollouts in production; and ongoing production monitoring (drift detection, error rates, feedback loops).",1,,,,,,,,,,,,,,,,,,,,,,,,,,,170879
5.6 Has the algorithm used been tested by independent third parties ?,"Where required, SAP engages independent assessments (security penetration testing, privacy and risk reviews, and independent model or algorithmic audits). If AXA requests a specific independent algorithmic test or third?party audit, SAP can coordinate such assessments under contract and NDA; please indicate if AXA requires a formal independent algorithmic audit so we can arrange scope and evidence.",,,Pass,,,,,,,,,,,False,,0,True,False,293759,278904,"Where required, SAP engages independent assessments (security penetration testing, privacy and risk reviews, and independent model or algorithmic audits). If AXA requests a specific independent algorithmic test or third?party audit, SAP can coordinate such assessments under contract and NDA; please indicate if AXA requires a formal independent algorithmic audit so we can arrange scope and evidence.",1,,,,,,,,,,,,,,,,,,,,,,,,,,,170880
VI.                    EXPLAINABILITY & TRANSPARENCY,,,,,,,,,,,,,,,,,,,,293760,,,,,,,,,,,,,,,,,,,,,,,,,,,,,,190624
"6.1 How do you ensure that the AI system doesn’t include any bias?
What steps have you taken to ensure explainability of the outputs resulting from the AI system or tool being used to provide a product or service to AXA?","We apply dataset representativeness checks, fairness metrics, and bias?mitigation techniques during data preparation and model development. Explainability is provided via model cards, feature?importance/post?hoc methods (e.g., SHAP/LIME where appropriate), per?inference confidence scores, and logged inputs/outputs with model versioning to enable post?hoc reconstruction. High?risk or ambiguous outputs route to human review.",,,Pass,,,,,,,,,,,False,,0,True,False,293761,278906,"We apply dataset representativeness checks, fairness metrics, and bias?mitigation techniques during data preparation and model development. Explainability is provided via model cards, feature?importance/post?hoc methods (e.g., SHAP/LIME where appropriate), per?inference confidence scores, and logged inputs/outputs with model versioning to enable post?hoc reconstruction. High?risk or ambiguous outputs route to human review.",1,,,,,,,,,,,,,,,,,,,,,,,,,,,190625
"6.1.1. Have the assumptions made about the training data been discussed, clearly documented, and tested against reality?","Yes. Assumptions (coverage, labeling rules, intended inputs) are documented in dataset provenance records and model design docs and validated via sampling, label QC, and pilot testing against production?like data distributions.",,,Pass,,,,,,,,,,,False,,0,True,False,293762,278907,"Yes. Assumptions (coverage, labeling rules, intended inputs) are documented in dataset provenance records and model design docs and validated via sampling, label QC, and pilot testing against production?like data distributions.",1,,,,,,,,,,,,,,,,,,,,,,,,,,,190626
"6.1.2. Has a bias study been conducted? According to which method? Ex: Adverse Impact Ratio, fairness metrics, statistical tests, game theory, Shapley, LIME., etc.","Yes. Bias evaluations are conducted using standard fairness metrics and statistical tests appropriate to the task (e.g., group?level metrics, adverse impact ratio, equality of odds where applicable) and supplemented with explainability tools (SHAP/LIME) to identify feature?level drivers of disparate outcomes.",,,Pass,,,,,,,,,,,False,,0,True,False,293763,278908,"Yes. Bias evaluations are conducted using standard fairness metrics and statistical tests appropriate to the task (e.g., group?level metrics, adverse impact ratio, equality of odds where applicable) and supplemented with explainability tools (SHAP/LIME) to identify feature?level drivers of disparate outcomes.",1,,,,,,,,,,,,,,,,,,,,,,,,,,,190627
"6.1.3. If bias was identified, what steps were taken to reduce it? Can output be explained to ensure any bias is identified?","Mitigations include resampling/augmentation, re?weighting, feature removal or transformation, threshold adjustments, and targeted additional data collection. Outputs are explainable via logged metadata, confidence scores, and explainability artifacts to help identify biased behavior; persistent or unresolved bias triggers human?in?the?loop review and remediation plans.",,,Pass,,,,,,,,,,,False,,0,True,False,293764,278909,"Mitigations include resampling/augmentation, re?weighting, feature removal or transformation, threshold adjustments, and targeted additional data collection. Outputs are explainable via logged metadata, confidence scores, and explainability artifacts to help identify biased behavior; persistent or unresolved bias triggers human?in?the?loop review and remediation plans.",1,,,,,,,,,,,,,,,,,,,,,,,,,,,190628
6.2. Please give details of the transparency and information provisions you have in place as as per the requirements of the Art. 13 of the EU AI Act (and art. 50 if applicable).,"We provide clear machine?generated content disclosures in user interfaces and documentation, publish model cards and limitations, log decision?relevant metadata (model version, confidence, input hash) for auditability, and cooperate with AXA to supply required transparency information to data subjects per contract and applicable law.",,,Pass,,,,,,,,,,,False,,0,True,False,293765,278910,"We provide clear machine?generated content disclosures in user interfaces and documentation, publish model cards and limitations, log decision?relevant metadata (model version, confidence, input hash) for auditability, and cooperate with AXA to supply required transparency information to data subjects per contract and applicable law.",1,,,,,,,,,,,,,,,,,,,,,,,,,,,190629
VII.                    KEEPING MODEL DATA ACCURATE,,,,,,,,,,,,,,,,,,,,293766,,,,,,,,,,,,,,,,,,,,,,,,,,,,,,170889
"7.1 Has the accuracy of the data been verified and how is it controlled? If no, please justify.","Yes. Data accuracy is verified via schema validation, automated checks (consistency, range checks), label QC sampling, and human annotation review. Invalid or low?quality data is rejected or corrected before training.",,,Pass,,,,,,,,,,,False,,0,True,False,293767,278912,"Yes. Data accuracy is verified via schema validation, automated checks (consistency, range checks), label QC sampling, and human annotation review. Invalid or low?quality data is rejected or corrected before training.",1,,,,,,,,,,,,,,,,,,,,,,,,,,,170890
"7.1.1 Are the data used representative of the data observed in the production environment?  If no, please justify.",Yes. Representativeness is assessed by comparing training/validation distributions with production samples; gaps are addressed by targeted data collection or augmentation to align distributions.,,,Pass,,,,,,,,,,,False,,0,True,False,293768,278913,Yes. Representativeness is assessed by comparing training/validation distributions with production samples; gaps are addressed by targeted data collection or augmentation to align distributions.,1,,,,,,,,,,,,,,,,,,,,,,,,,,,170891
7.1.2  What methodology is used to guarantee representativeness of the training data?,"Methodology includes distributional comparisons (feature histograms, KS tests), stratified sampling to ensure coverage of key segments, targeted data sourcing for under?represented groups, and ongoing monitoring for drift after deployment.",,,Pass,,,,,,,,,,,False,,0,True,False,293769,278914,"Methodology includes distributional comparisons (feature histograms, KS tests), stratified sampling to ensure coverage of key segments, targeted data sourcing for under?represented groups, and ongoing monitoring for drift after deployment.",1,,,,,,,,,,,,,,,,,,,,,,,,,,,170892
"7.2 In the case of an AI system using continuous learning, what mechanism is implemented to ensure the quality of the data used continuously?","Continuous?learning pipelines include data quality gates, schema and label validation, feedback review loops, human vetting of candidate training examples, and staging environments with validation tests before models are promoted to production.",,,Pass,,,,,,,,,,,False,,0,True,False,293770,278915,"Continuous?learning pipelines include data quality gates, schema and label validation, feedback review loops, human vetting of candidate training examples, and staging environments with validation tests before models are promoted to production.",1,,,,,,,,,,,,,,,,,,,,,,,,,,,170893
7.3 Are regular mechanisms in place to assess the risk of loss of quality or change in data distribution ?,Yes,,,Pass,,,,,,,,,,,False,,0,True,False,293771,278916,Yes,1,Yes,No,,,,,,,,,,,,,,,,,,,,,,,,,170894
"If yes, please explain how it works.","Production monitoring includes drift detection (statistical tests on input/output distributions), performance monitoring (error rates, confidence trends), and alerting thresholds that trigger investigation, rollback, or retraining workflows.",,,Pass,,,,,,,,,,,False,,0,False,False,293772,278917,"Production monitoring includes drift detection (statistical tests on input/output distributions), performance monitoring (error rates, confidence trends), and alerting thresholds that trigger investigation, rollback, or retraining workflows.",1,,,,,,,,,,,,,,,,,,,,,,,,,,,
"If no, please justify.",NA,,,Pass,,,,,,,,,,,False,,0,False,False,293773,278918,NA,1,,,,,,,,,,,,,,,,,,,,,,,,,,,190630
7.4 Do the quality control and maintenance metrics for the data collected during use of the AI system in the production environment correspond with the quality and maintenance controls established with the training and validation data ?,Yes,,,Pass,,,,,,,,,,,False,,0,True,False,293774,278919,Yes,1,Yes,No,,,,,,,,,,,,,,,,,,,,,,,,,170895
"If yes, please explain how it works.","Production metrics (data quality, input distribution, label quality from feedback) are aligned with training/validation controls and compared periodically; discrepancies trigger investigation and remediation.",,,Pass,,,,,,,,,,,False,,0,False,False,293775,278920,"Production metrics (data quality, input distribution, label quality from feedback) are aligned with training/validation controls and compared periodically; discrepancies trigger investigation and remediation.",1,,,,,,,,,,,,,,,,,,,,,,,,,,,
"If no, please justify.",NA,,,Pass,,,,,,,,,,,False,,0,False,False,293776,278921,NA,1,,,,,,,,,,,,,,,,,,,,,,,,,,,190631
7.5 Is the quality of the AI system's output monitored during the AI system's life cycle ?,Yes,,,Pass,,,,,,,,,,,False,,0,True,False,293777,278922,Yes,1,Yes,No,,,,,,,,,,,,,,,,,,,,,,,,,170896
"If yes, please explain how it works.","Output quality is monitored via automated metrics (accuracy, precision/recall, confidence calibration), A/B/canary deployments, user/annotator feedback ingestion, periodic model performance reviews, and triggers for retraining or rollback when thresholds are breached.",,,Pass,,,,,,,,,,,False,,0,False,False,293778,278923,"Output quality is monitored via automated metrics (accuracy, precision/recall, confidence calibration), A/B/canary deployments, user/annotator feedback ingestion, periodic model performance reviews, and triggers for retraining or rollback when thresholds are breached.",1,,,,,,,,,,,,,,,,,,,,,,,,,,,
"If no, please justify.",NA,,,Pass,,,,,,,,,,,False,,0,True,False,293779,278924,NA,1,,,,,,,,,,,,,,,,,,,,,,,,,,,190633
VIII.                    LOGS,,,,,,,,,,,,,,,,,,,,293780,,,,,,,,,,,,,,,,,,,,,,,,,,,,,,170899
"8.1. Is action logging in place ? Does it cover changes made to the AI system, software or hardware, requests sent to it, data input and output to the system ?","Yes. Comprehensive logs record administrative changes (config/releases), inference requests (metadata or hashed inputs), outputs, model version, timestamps, and operator actions.",,,Pass,,,,,,,,,,,False,,0,True,False,293781,278926,"Yes. Comprehensive logs record administrative changes (config/releases), inference requests (metadata or hashed inputs), outputs, model version, timestamps, and operator actions.",1,,,,,,,,,,,,,,,,,,,,,,,,,,,170900
8.2. Is there an automatic log analysis?,"Yes. Logs are forwarded to centralized monitoring/SIEM where automated analyses run to detect anomalies, trends, and suspicious patterns; alerts are generated for investigation.",,,Pass,,,,,,,,,,,False,,0,True,False,293782,278927,"Yes. Logs are forwarded to centralized monitoring/SIEM where automated analyses run to detect anomalies, trends, and suspicious patterns; alerts are generated for investigation.",1,,,,,,,,,,,,,,,,,,,,,,,,,,,170901
"8.3. Would it allow the identification of attempted attacks such as membership inference or model poisoning (especially in the case of continuous learning)? If yes, how would the system respond to detected attacks?",Yes,,,Pass,,,,,,,,,,,False,,0,True,False,293783,278928,Yes,1,Yes,No,,,,,,,,,,,,,,,,,,,,,,,,,170902
"If no, please justify.",NA,,,Pass,,,,,,,,,,,False,,0,False,False,293784,278929,NA,1,,,,,,,,,,,,,,,,,,,,,,,,,,,
"If yes, how would the system respond to detected attacks?","Monitoring is designed to detect anomalies indicative of attacks (e.g., unusual query patterns, sudden distributional shifts). Response procedures include isolating affected models, pausing continuous?learning ingestion, forensic log review, rollback to known good models, and initiating incident response and remediation.",,,Pass,,,,,,,,,,,False,,0,False,False,293785,278930,"Monitoring is designed to detect anomalies indicative of attacks (e.g., unusual query patterns, sudden distributional shifts). Response procedures include isolating affected models, pausing continuous?learning ingestion, forensic log review, rollback to known good models, and initiating incident response and remediation.",1,,,,,,,,,,,,,,,,,,,,,,,,,,,
"8.4 Is there a log of the elements (data used for inference, confidence indicators, system version, etc.) used for decision making by the AI system ?","Yes. Decision?relevant elements (inference metadata, model version, confidence scores, timestamps, redacted or hashed inputs) are logged to support auditability.",,,Pass,,,,,,,,,,,False,,0,True,False,293786,278931,"Yes. Decision?relevant elements (inference metadata, model version, confidence scores, timestamps, redacted or hashed inputs) are logged to support auditability.",1,,,,,,,,,,,,,,,,,,,,,,,,,,,170903
"8.4.1 Can the logged elements be used to explain, after the fact, a particular decision made by the AI system?",Yes,Logged metadata plus explainability outputs (feature importance / post?hoc traces) enable after?the?fact reconstruction and explanation of decisions.,,Pass,,,,,,,,,,,False,,0,True,False,293787,278932,Yes,1,Yes,No,,,,,,,,,,,,,,,,,,,,,,,,,170904
8.4.2. How long is this information kept for?,Retention follows contractual terms and internal retention policies; retention periods can be configured per contract.,,,Pass,,,,,,,,,,,False,,0,True,False,293788,278933,Retention follows contractual terms and internal retention policies; retention periods can be configured per contract.,1,,,,,,,,,,,,,,,,,,,,,,,,,,,170905
8.4.3 Are they limited to the strict categories necessary to explain the decision?,Yes, Logs contain the minimum metadata required for traceability and explanation; sensitive personal data is redacted or hashed where appropriate and retained only as permitted by contract and law.,,Pass,,,,,,,,,,,False,,0,True,False,293789,278934,Yes,1,Yes,No,,,,,,,,,,,,,,,,,,,,,,,,,170906
IX.                    QUALITY MANAGEMENT SYSTEM,,,,,,,,,,,,,,,,,,,,293790,,,,,,,,,,,,,,,,,,,,,,,,,,,,,,170907
"9.1. If you answered 'yes' to Q3.1, please give details of the Quality Management System you have in place, as per the requirements of Art. 17 of the EU AI Act.","Not applicable: Joule is not classified as a high?risk AI system under current criteria. Regardless, we maintain a product QMS aligned to secure SDLC and ML lifecycle best practices (requirements traceability, testing, change control, validation, monitoring), and can map these to Art.17 requirements if needed.",,,Pass,,,,,,,,,,,False,,0,True,False,293791,278936,"Not applicable: Joule is not classified as a high?risk AI system under current criteria. Regardless, we maintain a product QMS aligned to secure SDLC and ML lifecycle best practices (requirements traceability, testing, change control, validation, monitoring), and can map these to Art.17 requirements if needed.",1,,,,,,,,,,,,,,,,,,,,,,,,,,,170908
"9.2. If you answered 'yes' to Q3.1, provide evidence of how you ensure the implementation of your Quality Management System (Audit, certification, etc.)?","Not applicable for high?risk classification. For general QMS assurance, we can provide internal audit summaries, SOC 2/ISO?aligned process descriptions, and change?control records upon request and under appropriate NDAs.",,,Pass,,,,,,,,,,,False,,0,True,False,293792,278937,"Not applicable for high?risk classification. For general QMS assurance, we can provide internal audit summaries, SOC 2/ISO?aligned process descriptions, and change?control records upon request and under appropriate NDAs.",1,,,,,,,,,,,,,,,,,,,,,,,,,,,170909
"9.3. What measures do you take to ensure the monitoring and maintenance of your AI model? Are there periodic assessments to evaluate the model’s performance, reliability, and safety over time?","Measures include continuous monitoring (performance, drift, error trends), scheduled periodic model reviews, canary rollouts, retraining pipelines with validation gates, security and privacy scans, and documented maintenance schedules and review checklists.",,,Pass,,,,,,,,,,,False,,0,True,False,293793,278938,"Measures include continuous monitoring (performance, drift, error trends), scheduled periodic model reviews, canary rollouts, retraining pipelines with validation gates, security and privacy scans, and documented maintenance schedules and review checklists.",1,,,,,,,,,,,,,,,,,,,,,,,,,,,190634
X.                    HUMAN OVERSIGHT,,,,,,,,,,,,,,,,,,,,293794,,,,,,,,,,,,,,,,,,,,,,,,,,,,,,170910
10.1. Please describe the existing human supervision processes for your AI system? How are 'human-in-the-loop' mechanisms integrated to ensure effective oversight and facilitate intervention when necessary?,"Human?in?the?loop is used for high?risk, low?confidence, or ambiguous cases: workflows route flagged results to reviewers, reviewers can override or correct outputs, and corrections feed back into supervised retraining pipelines. SOPs define escalation paths and responsibilities.",,,Pass,,,,,,,,,,,False,,0,True,False,293795,278940,"Human?in?the?loop is used for high?risk, low?confidence, or ambiguous cases: workflows route flagged results to reviewers, reviewers can override or correct outputs, and corrections feed back into supervised retraining pipelines. SOPs define escalation paths and responsibilities.",1,,,,,,,,,,,,,,,,,,,,,,,,,,,170911
"10.1.1 If such mechanisms are not integrated, is it feasible to establish human oversight by assigning human operators? If so, would your company be responsible for managing and providing this human supervision ?","Mechanisms are integrated; where additional human oversight is requested, we can configure workflows and provide managed human review services under contract.",,,Pass,,,,,,,,,,,False,,0,True,False,293796,278941,"Mechanisms are integrated; where additional human oversight is requested, we can configure workflows and provide managed human review services under contract.",1,,,,,,,,,,,,,,,,,,,,,,,,,,,190635
XI.                    RISK MANAGEMENT SYSTEM,,,,,,,,,,,,,,,,,,,,293797,,,,,,,,,,,,,,,,,,,,,,,,,,,,,,170916
"11.1 Could you provide us with documentation outlining your Risk Management System and processes for identifying, assessing, mitigating, and monitoring risks associated with your AI system? For organizations subject to regulatory requirements (e.g., classification as a High-Risk System under the AI Act), we expect a detailed description of compliance measures and lifecycle risk management practices.","Yes. We maintain AI/ML risk assessment templates, lifecycle risk registers, and mitigation plans. Documents can be provided to AXA under contractual confidentiality terms.",,,Pass,,,,,,,,,,,False,,0,True,False,293798,278943,"Yes. We maintain AI/ML risk assessment templates, lifecycle risk registers, and mitigation plans. Documents can be provided to AXA under contractual confidentiality terms.",1,,,,,,,,,,,,,,,,,,,,,,,,,,,170917
11.2 Could you describe your process for incident reporting and implementing corrective actions in the event of malfunctions or deviations from expected results?,"Incident process: detection via monitoring/alerts ? triage ? containment (e.g., model rollback/isolation) ? root cause analysis ? corrective actions (code/data fixes, retraining) ? verification and closure ? post?incident review and documentation. SLA and notification timelines are defined in the DPA/contract.","https://www.sap.com/about/trust-center/agreements/cloud/cloud-services.html?sort=latest_desc&search=Data%20Processing&pdf-asset=769d4c45-227e-0010-bca6-c68f7e60039b&page=1

https://www.sap.com/about/trust-center/data-privacy.html",,Pass,,,,,,,,,,,False,,0,True,False,293799,278944,"Incident process: detection via monitoring/alerts ? triage ? containment (e.g., model rollback/isolation) ? root cause analysis ? corrective actions (code/data fixes, retraining) ? verification and closure ? post?incident review and documentation. SLA and notification timelines are defined in the DPA/contract.",1,,,,,,,,,,,,,,,,,,,,,,,,,,,170918
11.3. Have you identified any residual risks related to your AI System?,Yes,,,Pass,,,,,,,,,,,False,,0,True,False,293800,278945,Yes,1,Yes,No,,,,,,,,,,,,,,,,,,,,,,,,,190636
"If no, please explain how AI governance is managed in your organization.",NA,,,Pass,,,,,,,,,,,False,,0,False,False,293801,278946,NA,1,,,,,,,,,,,,,,,,,,,,,,,,,,,
"11.3.1. If Yes, could you please describe the risk?","Residual risks (e.g., low?probability model errors, rare distributional edge cases, small re?identification risk in aggregated analytics) are documented and accepted with mitigation plans and monitoring in place.","Examples: (a) rare misclassification on atypical receipts causing incorrect downstream actions; (b) residual bias in niche subpopulations despite mitigation; © small theoretical re?identification risk in aggregated datasets — each has documented controls (human review, exclusion rules, further anonymization).",,Pass,,,,,,,,,,,False,,0,True,False,293802,278947,"Residual risks (e.g., low?probability model errors, rare distributional edge cases, small re?identification risk in aggregated analytics) are documented and accepted with mitigation plans and monitoring in place.",1,,,,,,,,,,,,,,,,,,,,,,,,,,,190637
XII.                    GOVERNANCE METHODOLOGY,,,,,,,,,,,,,,,,,,,,293803,,,,,,,,,,,,,,,,,,,,,,,,,,,,,,170920
"12.1. Does your company have AI Policies accompanying AI Governance processes in place? If yes, please provide copies of appropriate documentation. If not, please explain how AI governance is managed in your organisation.",Yes,,,Pass,,,,,,,,,,,False,,0,True,False,293804,278949,Yes,1,Yes,No,,,,,,,,,,,,,,,,,,,,,,,,,170921
"If no, please explain how AI governance is managed in your organization.",NA,,,Pass,,,,,,,,,,,False,,0,False,False,293805,278950,NA,1,,,,,,,,,,,,,,,,,,,,,,,,,,,
"If yes, please provide copies of appropriate documentation.","SAP maintains responsible AI, data protection, and ML governance policies, with defined roles (model owner, data steward, privacy officer). Policy summaries can be shared and full documents provided under NDA or as agreed in contract.",,,Pass,,,,,,,,,,,False,,0,False,False,293806,278951,"SAP maintains responsible AI, data protection, and ML governance policies, with defined roles (model owner, data steward, privacy officer). Policy summaries can be shared and full documents provided under NDA or as agreed in contract.",1,,,,,,,,,,,,,,,,,,,,,,,,,,,
XIII.                    DATA SUBJECTS’ RIGHTS AND AUTOMATED DECISIONS,,,,,,,,,,,,,,,,,,,,293807,,,,,,,,,,,,,,,,,,,,,,,,,,,,,,170923
13.1. How are people made aware they are interacting with AI or AI generated content?,Users receive UI disclosures where applicable indicating machine?generated content; documentation and user guides include explicit statements about AI use and limitations.,,,Pass,,,,,,,,,,,False,,0,True,False,293808,278953,Users receive UI disclosures where applicable indicating machine?generated content; documentation and user guides include explicit statements about AI use and limitations.,1,,,,,,,,,,,,,,,,,,,,,,,,,,,170924
"13.2. Can your AI system allow biometric identification and categorization of individuals? If yes, how do you obtain and manage the consent of the data subject?",No,"Joule’s primary functionality does not perform biometric identification or categorization. If any biometric processing were proposed, it would require explicit contractual agreement and lawful basis including documented consent management.",,Pass,,,,,,,,,,,False,,0,True,False,293809,278954,No,1,Yes,No,,,,,,,,,,,,,,,,,,,,,,,,,170927
"If yes, how do you obtain and manage the consent of the data subject?",NA,,,Pass,,,,,,,,,,,False,,0,False,False,293810,278955,NA,1,,,,,,,,,,,,,,,,,,,,,,,,,,,
"13.3. If there is any personal data processing, what measures enable data subjects to exercise their data privacy rights (information, access, erasure, modification, etc.)?","DSARs are handled per DPA and SAP processes: information and access support, rectification/erasure procedures, and cooperation with AXA as controller. Automated deletion and retention controls are in place per contractual settings.",,,Pass,,,,,,,,,,,False,,0,True,False,293811,278956,"DSARs are handled per DPA and SAP processes: information and access support, rectification/erasure procedures, and cooperation with AXA as controller. Automated deletion and retention controls are in place per contractual settings.",1,,,,,,,,,,,,,,,,,,,,,,,,,,,170928
13.4. Does the system lead to a decision based exclusively on automated processing?,No,Joule does not make fully autonomous legal?effect decisions for customers without human oversight; workflows provide human review/appeal mechanisms for substantive decisions.,,Pass,,,,,,,,,,,False,,0,True,False,293812,278957,No,1,Yes,No,,,,,,,,,,,,,,,,,,,,,,,,,170929
"13.4.1. If Yes, what are the measures implemented?",NA,"(If automated decisions were used for a use case, measures would include human review, appeal processes, transparency notices, and monitoring.)",,Pass,,,,,,,,,,,False,,0,True,False,293813,278958,NA,1,,,,,,,,,,,,,,,,,,,,,,,,,,,190638
13.5. How are data subjects facilitated to object to decisions made ?,"Objection workflows are supported via cooperation with AXA: documented procedures for escalation, human review, and corrective action are available to process objections under the controller’s instructions.",,,Pass,,,,,,,,,,,False,,0,True,False,293814,278959,"Objection workflows are supported via cooperation with AXA: documented procedures for escalation, human review, and corrective action are available to process objections under the controller’s instructions.",1,,,,,,,,,,,,,,,,,,,,,,,,,,,170930
XIV.                    DOCUMENTATION,,,,,,,,,,,,,,,,,,,,293815,,,,,,,,,,,,,,,,,,,,,,,,,,,,,,170932
"14.1 Has an AI risk assessment have been conducted? If yes, please attach it.",Yes,,,Pass,,,,,,,,,,,False,,0,True,False,293816,278961,Yes,1,Yes,No,,,,,,,,,,,,,,,,,,,,,,,,,170933
"If yes, could you provide us with these documents?",No,Yes. AI risk assessments / DPIA templates and summaries are produced where applicable. Full assessments can be shared with AXA under NDA or per contractual terms.,Can you obtain copies of these documents please,Follow up,,,,,,,,,,,False,,0,True,False,293817,278962,No,1,Yes,No,,,,,,,,,,,,,,,,,,,,,,,,,170934
"14.2. Could you provide us with your Technical Documentation ?
For exemple, this could include documentation on: 
- The model planning, design, development steps
- The Incident Management plan
- The algorithm used
- The quality of the system outputs
- The bias reports
- How the training and production data used is collected and managed",Yes,Technical documentation and relevant artifacts are available and can be provided to AXA subject to contract and confidentiality arrangements.,Can you obtain copies of these documents please,Follow up,,,,,,,,,,,False,,0,True,False,293818,278963,Yes,1,Yes,No,,,,,,,,,,,,,,,,,,,,,,,,,170935
XV.                    ENVIRONMENTAL CONSIDERATIONS,,,,,,,,,,,,,,,,,,,,293819,,,,,,,,,,,,,,,,,,,,,,,,,,,,,,170936
"15.1 How do you assess and mitigate potential societal and environmental risks or impacts associated with your AI solution ? (e.g., bias, job displacement, environmental impact)","Assessment: societal risk reviews during design (bias, fairness, job impact). Mitigation: bias controls, human oversight, transparency and user guidance, and recommendations for operational changes. Environmental: optimize training/inference efficiency, leverage cloud provider sustainability features and monitor compute usage.",,,Pass,,,,,,,,,,,False,,0,True,False,293820,278965,"Assessment: societal risk reviews during design (bias, fairness, job impact). Mitigation: bias controls, human oversight, transparency and user guidance, and recommendations for operational changes. Environmental: optimize training/inference efficiency, leverage cloud provider sustainability features and monitor compute usage.",1,,,,,,,,,,,,,,,,,,,,,,,,,,,170937
XVI.                    GENERAL-PURPOSE AI SYSTEM (INCLUDING GENERATIVE AI MODELS),,,,Pass,,,,,,,,,,,,,,,,293821,,,,,,,,,,,,,,,,,,,,,,,,,,,,,,170938
16.1 Is the AI solution you provide or deploy classified as a general-purpose AI system or foundation model ?,No,"Joule is an application?specific ML service (receipt extraction, classification, anomaly detection, invoice capture, related features on SAP BTP), not a general?purpose foundation model.",,Pass,,,,,,,,,,,False,,0,True,False,293822,278967,No,1,Yes,No,,,,,,,,,,,,,,,,,,,,,,,,,170939
"16.2 Have you assessed whether your AI solution meets the conditions for being classified as a general-purpose AI model with systemic risk, as defined in article 51 (1) & Annex XIII of the AI Act?",Yes,Assessment determined that Joule does not meet the criteria for designation as a general?purpose AI model with systemic risk.,,Pass,,,,,,,,,,,False,,0,True,False,293823,278968,Yes,1,Yes,No,,,,,,,,,,,,,,,,,,,,,,,,,170940
"16.2.1 If yes, could you please list the criteria you meet for the designation of general-purpose AI models with systemic risk?",No,,,Pass,,,,,,,,,,,False,,0,True,False,293824,278969,No,1,,,,,,,,,,,,,,,,,,,,,,,,,,,170941
"16.2.2 Have you notified the Commission or any regulatory body of the AI model meeting the criteria for systemic risk under Article 51(1), (a) & Annex XIII of the AI Act?",No,,,Pass,,,,,,,,,,,False,,0,True,False,293825,278970,No,1,Yes,No,,,,,,,,,,,,,,,,,,,,,,,,,170942
"16.3 If your solution involves generative AI, could you please describe your safeguards against misuse and manipulation?
Guidance note: Generative AI are AI Systems used to generate content (text, image, sound, video, etc.) (Art. 3(1)(i)) AI Act).","Safeguards: input sanitization/prompt filtering, content moderation filters, rate limits and quotas, provenance metadata and disclaimers, configurable redaction of sensitive content, human review for high?risk outputs, and monitoring for misuse patterns.",,,Pass,,,,,,,,,,,False,,0,True,False,293826,278971,"Safeguards: input sanitization/prompt filtering, content moderation filters, rate limits and quotas, provenance metadata and disclaimers, configurable redaction of sensitive content, human review for high?risk outputs, and monitoring for misuse patterns.",1,,,,,,,,,,,,,,,,,,,,,,,,,,,170943
16.3.1 What cybersecurity measures are in place to protect your AI model?,"Cybersecurity measures: role?based access control, encryption in transit and at rest, key management policies, network segmentation, vulnerability management, regular pen tests, secure SDLC practices, and incident response procedures.",,,Pass,,,,,,,,,,,False,,0,True,False,293827,278972,"Cybersecurity measures: role?based access control, encryption in transit and at rest, key management policies, network segmentation, vulnerability management, regular pen tests, secure SDLC practices, and incident response procedures.",1,,,,,,,,,,,,,,,,,,,,,,,,,,,170944
16.3.2 How do you ensure the authenticity and traceability of outputs generated by your generative AI?,"We log model version, input hashes, output metadata, and timestamps; include provenance disclosures and, where required, embed metadata or watermarking strategies and maintain audit trails to support traceability and provenance verification.",,,Pass,,,,,,,,,,,False,,0,True,False,293828,278973,"We log model version, input hashes, output metadata, and timestamps; include provenance disclosures and, where required, embed metadata or watermarking strategies and maintain audit trails to support traceability and provenance verification.",1,,,,,,,,,,,,,,,,,,,,,,,,,,,170945
16.4 How do you ensure transparency about the capabilities and limitations of your AI system for downstream providers and end-users ?,"Through model cards, user documentation and disclosures, UI notices about AI use and limitations, publishing performance metrics and known failure modes, and contractual documentation describing capabilities, constraints and intended uses.",,,Pass,,,,,,,,,,,False,,0,True,False,293829,278974,"Through model cards, user documentation and disclosures, UI notices about AI use and limitations, publishing performance metrics and known failure modes, and contractual documentation describing capabilities, constraints and intended uses.",1,,,,,,,,,,,,,,,,,,,,,,,,,,,170946
